{
    "steps": [
        {
            "parts": [
                {
                    "partId": "32054.dat",
                    "position": {
                        "x": 0.029999999329447748,
                        "y": 0.0,
                        "z": 0.12999999523162843
                    },
                    "rotation": {
                        "x": 0.5,
                        "y": 0.5,
                        "z": 0.5,
                        "w": 0.5
                    },
                    "color": {
                        "r": 0.5882353186607361,
                        "g": 0.5882353186607361,
                        "b": 0.5882353186607361,
                        "a": 1.0
                    }
                }
            ],
            "hideAllCurrent": false,
            "showAllPrevious": false
        },
        {
            "parts": [
                {
                    "partId": "60483.dat",
                    "position": {
                        "x": -0.17000000178813935,
                        "y": 0.0,
                        "z": 0.12999999523162843
                    },
                    "rotation": {
                        "x": 0.0,
                        "y": -0.7071068286895752,
                        "z": 0.0,
                        "w": 0.7071068286895752
                    },
                    "color": {
                        "r": 0.11764705926179886,
                        "g": 0.3529411852359772,
                        "b": 0.658823549747467,
                        "a": 1.0
                    }
                }
            ],
            "hideAllCurrent": true,
            "showAllPrevious": false
        },
        {
            "parts": [
                {
                    "partId": "32140.dat",
                    "position": {
                        "x": 0.6299999952316284,
                        "y": 0.19999998807907105,
                        "z": 0.12999999523162843
                    },
                    "rotation": {
                        "x": 0.0,
                        "y": 0.7071068286895752,
                        "z": 0.0,
                        "w": 0.7071068286895752
                    },
                    "color": {
                        "r": 0.6470588445663452,
                        "g": 0.7921568751335144,
                        "b": 0.0941176488995552,
                        "a": 1.0
                    }
                }
            ],
            "hideAllCurrent": false,
            "showAllPrevious": false
        },
        {
            "parts": [
                {
                    "partId": "32523.dat",
                    "position": {
                        "x": 0.0,
                        "y": 0.0,
                        "z": 0.0
                    },
                    "rotation": {
                        "x": 0.0,
                        "y": -0.7071068286895752,
                        "z": 0.0,
                        "w": 0.7071068286895752
                    },
                    "color": {
                        "r": 0.3294117748737335,
                        "g": 0.20000000298023225,
                        "b": 0.1411764770746231,
                        "a": 1.0
                    }
                },
                {
                    "partId": "11214.dat",
                    "position": {
                        "x": 0.19999998807907105,
                        "y": 0.0,
                        "z": 0.0
                    },
                    "rotation": {
                        "x": 0.5,
                        "y": -0.5,
                        "z": -0.5,
                        "w": 0.5
                    },
                    "color": {
                        "r": 0.3921568691730499,
                        "g": 0.3921568691730499,
                        "b": 0.3921568691730499,
                        "a": 1.0
                    }
                }
            ],
            "hideAllCurrent": true,
            "showAllPrevious": false
        },
        {
            "parts": [
                {
                    "partId": "6558.dat",
                    "position": {
                        "x": 0.0,
                        "y": -0.19999998807907105,
                        "z": 0.0
                    },
                    "rotation": {
                        "x": 0.5,
                        "y": -0.5,
                        "z": -0.5,
                        "w": 0.5
                    },
                    "color": {
                        "r": 0.11764705926179886,
                        "g": 0.3529411852359772,
                        "b": 0.658823549747467,
                        "a": 1.0
                    }
                }
            ],
            "hideAllCurrent": true,
            "showAllPrevious": false
        },
        {
            "parts": [
                {
                    "partId": "80286.dat",
                    "position": {
                        "x": 0.19999998807907105,
                        "y": -0.19999998807907105,
                        "z": 0.0
                    },
                    "rotation": {
                        "x": 0.0,
                        "y": 1.0,
                        "z": 0.0,
                        "w": 0.0
                    },
                    "color": {
                        "r": 0.9803921580314636,
                        "g": 0.7843137383460999,
                        "b": 0.03921568766236305,
                        "a": 1.0
                    }
                }
            ],
            "hideAllCurrent": false,
            "showAllPrevious": false
        },
        {
            "parts": [
                {
                    "partId": "submodel-1.ldr",
                    "position": {
                        "x": -0.17000000178813935,
                        "y": 0.19999998807907105,
                        "z": -0.8700000047683716
                    },
                    "rotation": {
                        "x": 0.0,
                        "y": 0.0,
                        "z": 0.0,
                        "w": 1.0
                    },
                    "color": {
                        "r": 1.0,
                        "g": 1.0,
                        "b": 0.501960813999176,
                        "a": 1.0
                    }
                }
            ],
            "hideAllCurrent": false,
            "showAllPrevious": true
        },
        {
            "parts": [
                {
                    "partId": "32054.dat",
                    "position": {
                        "x": 0.029999999329447748,
                        "y": 0.0,
                        "z": -0.07000000029802323
                    },
                    "rotation": {
                        "x": 0.0,
                        "y": 0.0,
                        "z": 0.7071068286895752,
                        "w": 0.7071068286895752
                    },
                    "color": {
                        "r": 0.8392156958580017,
                        "g": 0.4745098054409027,
                        "b": 0.13725490868091584,
                        "a": 1.0
                    }
                },
                {
                    "partId": "99008.dat",
                    "position": {
                        "x": 0.029999999329447748,
                        "y": -0.5,
                        "z": -0.07000000029802323
                    },
                    "rotation": {
                        "x": 0.0,
                        "y": 0.0,
                        "z": -0.7071068286895752,
                        "w": 0.7071068286895752
                    },
                    "color": {
                        "r": 0.7058823704719544,
                        "g": 0.0,
                        "b": 0.0,