{
    "steps": [
        {
            "parts": [
                {
                    "partId": "32054.dat",
                    "position": {
                        "x": 0.029999999329447748,
                        "y": 0.0,
                        "z": 0.12999999523162843
                    },
                    "rotation": {
                        "x": 0.5,
                        "y": 0.5,
                        "z": 0.5,
                        "w": 0.5
                    },
                    "color": {
                        "r": 0.5882353186607361,
                        "g": 0.5882353186607361,
                        "b": 0.5882353186607361,
                        "a": 1.0
                    }
                }
            ]
        },
        {
            "parts": [
                {
                    "partId": "60483.dat",
                    "position": {
                        "x": -0.17000000178813935,
                        "y": 0.0,
                        "z": 0.12999999523162843
                    },
                    "rotation": {
                        "x": 0.0,
                        "y": -0.7071068286895752,
                        "z": 0.0,
                        "w": 0.7071068286895752
                    },
                    "color": {
                        "r": 0.11764705926179886,
                        "g": 0.3529411852359772,
                        "b": 0.658823549747467,
                        "a": 1.0
                    }
                }
            ]
        },
        {
            "parts": [
                {
                    "partId": "32140.dat",
                    "position": {
                        "x": 0.6299999952316284,
                        "y": 0.19999998807907105,
                        "z": 0.12999999523162843
                    },
                    "rotation": {
                        "x": 0.0,
                        "y": 0.7071068286895752,
                        "z": 0.0,
                        "w": 0.7071068286895752
                    },
                    "color": {
                        "r": 0.6470588445663452,
                        "g": 0.7921568751335144,
                        "b": 0.0941176488995552,
                        "a": 1.0
                    }
                }
            ]
        },
        {
            "parts": [
                {
                    "partId": "32250.dat",
                    "position": {
                        "x": 0.029999999329447748,
                        "y": -0.949999988079071,
                        "z": 0.32999998331069949
                    },
                    "rotation": {
                        "x": 0.0,
                        "y": 0.0,
                        "z": 0.0,
                        "w": 1.0
                    },
                    "color": {
                        "r": 0.8274509906768799,
                        "g": 0.2078431397676468,
                        "b": 0.615686297416687,
                        "a": 1.0
                    }
                },
                {
                    "partId": "32054.dat",
                    "position": {
                        "x": 0.029999999329447748,
                        "y": -1.0,
                        "z": -0.07000000029802323
                    },
                    "rotation": {
                        "x": 0.0,
                        "y": 0.0,
                        "z": -0.7071068286895752,
                        "w": 0.7071068286895752
                    },
                    "color": {
                        "r": 0.0,
                        "g": 0.5215686559677124,
                        "b": 0.16862745583057404,
                        "a": 1.0
                    }
                }
            ]
        },
        {
            "parts": [
                {
                    "partId": "99008.dat",
                    "position": {
                        "x": 0.029999999329447748,
                        "y": -0.5,
                        "z": -0.07000000029802323
                    },
                    "rotation": {
                        "x": 0.0,
                        "y": 0.0,
                        "z": -0.7071068286895752,
                        "w": 0.7071068286895752
                    },
                    "color": {
                        "r": 0.7058823704719544,
                        "g": 0.0,
                        "b": 0.0,
                        "a": 1.0
                    }
                }
            ]
        },
        {
            "parts": [
                {
                    "partId": "32054.dat",
                    "position": {
                        "x": 0.029999999329447748,
                        "y": 0.0,
                        "z": -0.07000000029802323
                    },
                    "rotation": {
                        "x": 0.0,
                        "y": 0.0,
                        "z": 0.7071068286895752,
                        "w": 0.7071068286895752
                    },
                    "color": {
                        "r": 0.8392156958580017,
                        "g": 0.4745098054409027,
                        "b": 0.13725490868091584,
                        "a": 1.0
                    }
                },
                {
                    "partId": "32250.dat",
                    "position": {
                        "x": 0.029999999329447748,
                        "y": -1.0499999523162842,
                        "z": 0.32999998331069949
                    },
                    "rotation": {
                        "x": 0.0,
                        "y": 0.0,
                        "z": 0.0,
                        "w": 1.0
                    },
                    "color": {
                        "r": 0.49803921580314639,
                        "g": 0.7686274647712708,
                        "b": 0.4588235318660736,
                        "a": 1.0
                    }
                },
                {
                    "partId": "2477.dat",
                    "position": {
                        "x": 0.029999999329447748,
                        "y": -1.1999999284744263,
                        "z": -0.07000000029802323
                    },
                    "rotation": {
                        "x": 0.0,
                        "y": 0.7071068286895752,
                        "z": 0.0,
                        "w": 0.7071068286895752
                    },
                    "color": {
                        "r": 0.10588235408067703,
                        "g": 0.16470588743686677,
                        "b": 0.20392157137393952,
                        "a": 1.0
                    }
                }
            ]
        }
    ]
}